TRY;302.0;2017-09-14;2019-03-14;111.0;13000.0;2017-09-14 00:00:00;100.0;16.29;16.29;2018-12-13;6.9163;5.1499999999999995;100.0;Temiz Fiyat/Clean Price;Formül 5/Formula 5;Giriş/Input;Formül 6/Formula 6;Kirli Fiyat/Dirty Price;-;-;ACTACT;Sadece Nitelikli Yatırımcılar arasında işlem görebilir.
TRY;302.0;2017-10-27;2020-10-30;707.0;150000.0;2017-10-27 00:00:00;100.0;15.49;15.49;2019-01-25;6.8518;3.5999999999999996;100.0;Temiz Fiyat/Clean Price;Formül 5/Formula 5;Giriş/Input;Formül 6/Formula 6;Kirli Fiyat/Dirty Price;-;-;ACTACT;Sadece Nitelikli Yatırımcılar arasında işlem görebilir.
TRY;302.0;2018-04-16;2019-09-30;311.0;7000.0;2018-04-16 00:00:00;100.0;17.86;17.86;2018-11-26;2.05;4.3999999999999995;100.0;Temiz Fiyat/Clean Price;Formül 5/Formula 5;Giriş/Input;Formül 6/Formula 6;Kirli Fiyat/Dirty Price;-;-;ACTACT;Sadece Nitelikli Yatırımcılar arasında işlem görebilir.
TRY;302.0;2016-01-29;2019-01-24;62.0;200000.0;2016-01-29 00:00:00;100.0;15.47;15.47;2019-01-24;7.8712;3.5000000000000004;100.0;Temiz Fiyat/Clean Price;Formül 5/Formula 5;Giriş/Input;Formül 6/Formula 6;Kirli Fiyat/Dirty Price;-;-;ACTACT;Sadece Nitelikli Yatırımcılar arasında işlem görebilir.
TRY;302.0;2018-01-04;2019-07-04;223.0;14000.0;2018-01-04 00:00:00;100.0;17.81;17.81;2019-01-03;7.27;5.1499999999999995;100.0;Temiz Fiyat/Clean Price;Formül 5/Formula 5;Giriş/Input;Formül 6/Formula 6;Kirli Fiyat/Dirty Price;-;-;ACTACT;Sadece Nitelikli Yatırımcılar arasında işlem görebilir.
TRY;302.0;2018-03-02;2019-08-29;279.0;13000.0;2018-03-02 00:00:00;100.0;17.65;17.65;2018-11-30;6.9;5.1499999999999995;100.0;Temiz Fiyat/Clean Price;Formül 5/Formula 5;Giriş/Input;Formül 6/Formula 6;Kirli Fiyat/Dirty Price;-;-;ACTACT;Sadece Nitelikli Yatırımcılar arasında işlem görebilir.
TRY;302.0;2016-07-26;2020-07-22;607.0;125000.0;2016-07-26 00:00:00;100.0;13.5801;13.5801;2019-01-22;7.9807;3.5000000000000004;100.0;Temiz Fiyat/Clean Price;Formül 5/Formula 5;Giriş/Input;Formül 6/Formula 6;Kirli Fiyat/Dirty Price;-;-;ACTACT;Sadece Nitelikli Yatırımcılar arasında işlem görebilir.
TRY;302.0;2016-12-02;2019-12-06;378.0;100000.0;2016-12-02 00:00:00;100.0;13.8;13.8;2018-11-30;6.4986;3.5000000000000004;100.0;Temiz Fiyat/Clean Price;Formül 5/Formula 5;Giriş/Input;Formül 6/Formula 6;Kirli Fiyat/Dirty Price;-;-;ACTACT;Sadece Nitelikli Yatırımcılar arasında işlem görebilir.
TRY;302.0;2017-03-07;2019-03-05;102.0;7345.6;2017-03-07 00:00:00;100.0;14.24;14.24;2018-12-04;6.47;3.5000000000000004;100.0;Temiz Fiyat/Clean Price;Formül 5/Formula 5;Giriş/Input;Formül 6/Formula 6;Kirli Fiyat/Dirty Price;-;-;ACTACT; ;SKY
TRY;302.0;2016-12-06;2018-12-04;11.0;3564.4;2016-12-06 00:00:00;100.0;13.8;13.8;2018-12-04;6.47;3.5000000000000004;100.0;Temiz Fiyat/Clean Price;Formül 5/Formula 5;Giriş/Input;Formül 6/Formula 6;Kirli Fiyat/Dirty Price;-;-;ACTACT; ;SKY
TRY;302.0;2015-12-15;2018-12-07;14.0;11000.0;2015-12-15 00:00:00;100.0;15.1913;15.1913;2018-12-07;4.493;3.9212999999999996;100.0;Temiz Fiyat/Clean Price;Formül 5/Formula 5;Giriş/Input;Formül 6/Formula 6;Kirli Fiyat/Dirty Price;-;-;ACTACT;Sadece Nitelikli Yatırımcılar arasında işlem görebilir.
TRY;303.0;2017-10-20;2027-10-22;3255.0;1000000.0;2017-10-20 00:00:00;100.0;14.55;14.55;2018-12-04;1.9512;3.5000000000000004;100.0;Temiz Fiyat/Clean Price;Formül 5/Formula 5;Giriş/Input;Formül 6/Formula 6;Kirli Fiyat/Dirty Price;-;-;ACTACT;Sadece Nitelikli Yatırımcılar arasında işlem görebilir.
TRY;303.0;2017-08-08;2027-07-27;3168.0;1100000.0;2017-08-08 00:00:00;100.0;13.9494;13.9494;2019-02-05;5.5056;3.5000000000000004;100.0;Temiz Fiyat/Clean Price;Formül 5/Formula 5;Giriş/Input;Formül 6/Formula 6;Kirli Fiyat/Dirty Price;-;-;ACTACT;Sadece Nitelikli Yatırımcılar arasında işlem görebilir.
TRY;303.0;2017-09-18;2027-09-06;3209.0;525000.0;2017-09-18 00:00:00;100.0;13.9959;13.9959;2018-12-17;6.6168;3.5000000000000004;100.0;Temiz Fiyat/Clean Price;Formül 5/Formula 5;Giriş/Input;Formül 6/Formula 6;Kirli Fiyat/Dirty Price;-;-;ACTACT;Sadece Nitelikli Yatırımcılar arasında işlem görebilir.
TRY;302.0;2018-11-20;2019-12-16;388.0;325800.0;2018-11-20 00:00:00;76.737;28.29938588196768;28.29938588196768;;; ;76.737;Basit Getiri/Simple I;-;-;Formül 1/Formula 1;Kirli Fiyat/Dirty Price;Giriş/Input;Formül 3/Formula 3;ACT365;Sadece Nitelikli Yatırımcılar arasında işlem görebilir.
TRY;302.0;2018-10-26;2020-10-23;700.0;399346.808;2018-10-26 00:00:00;64.166;27.999598739944094;27.999598739944094;;; ;64.166;Basit Getiri/Simple I;-;-;Formül 1/Formula 1;Kirli Fiyat/Dirty Price;Giriş/Input;Formül 3/Formula 3;ACT365; ;AFB
TRY;252.0;2018-09-10;2019-02-22;91.0;25000.0;2018-09-10 00:00:00;89.302;26.50027180496819;26.50027180496819;;; ;89.302;Basit Getiri/Simple I;-;-;Formül 1/Formula 1;Kirli Fiyat/Dirty Price;Giriş/Input;Formül 3/Formula 3;ACT365;SAdece Nitelikli Yatırımcılar arasında işlem görebilir.
TRY;252.0;2018-09-06;2018-12-05;12.0;50000.0;2018-09-06 00:00:00;94.412;24.003775414613;24.003775414613;;; ;94.412;Basit Getiri/Simple I;-;-;Formül 1/Formula 1;Kirli Fiyat/Dirty Price;Giriş/Input;Formül 3/Formula 3;ACT365;SAdece Nitelikli Yatırımcılar arasında işlem görebilir.
TRY;252.0;2018-09-27;2018-12-05;12.0;144000.0;2018-09-27 00:00:00;94.718;29.4991601308659;29.4991601308659;;; ;94.718;Basit Getiri/Simple I;-;-;Formül 1/Formula 1;Kirli Fiyat/Dirty Price;Giriş/Input;Formül 3/Formula 3;ACT365;Sadece Nitelikli Yatırımcılar arasında işlem görebilir.;AKM
TRY;252.0;2018-10-05;2018-12-17;24.0;55210.0;2018-10-05 00:00:00;94.652;28.25085576638631;28.25085576638631;;; ;94.652;Basit Getiri/Simple I;-;-;Formül 1/Formula 1;Kirli Fiyat/Dirty Price;Giriş/Input;Formül 3/Formula 3;ACT365;Sadece Nitelikli Yatırımcılar arasında işlem görebilir.;AKM
TRY;252.0;2018-10-09;2018-12-17;24.0;180000.0;2018-10-09 00:00:00;94.802;29.00431073887332;29.00431073887332;;; ;94.802;Basit Getiri/Simple I;-;-;Formül 1/Formula 1;Kirli Fiyat/Dirty Price;Giriş/Input;Formül 3/Formula 3;ACT365;Sadece Nitelikli Yatırımcılar arasında işlem görebilir.
TRY;252.0;2018-10-22;2019-01-15;53.0;138500.0;2018-10-22 00:00:00;93.981;27.501616409324352;27.501616409324352;;; ;93.981;Basit Getiri/Simple I;-;-;Formül 1/Formula 1;Kirli Fiyat/Dirty Price;Giriş/Input;Formül 3/Formula 3;ACT365;Sadece Nitelikli Yatırımcılar arasında işlem görebilir.
TRY;252.0;2018-11-14;2019-02-11;80.0;160000.0;2018-11-14 00:00:00;94.2;25.25107946277344;25.25107946277344;;; ;94.2;Basit Getiri/Simple I;-;-;Formül 1/Formula 1;Kirli Fiyat/Dirty Price;Giriş/Input;Formül 3/Formula 3;ACT365;Sadece Nitelikli Yatırımcılar arasında işlem görebilir.
TRY;252.0;2018-10-23;2018-12-21;28.0;100000.0;2018-10-23 00:00:00;95.781;27.25028264513724;27.25028264513724;;; ;95.781;Basit Getiri/Simple I;-;-;Formül 1/Formula 1;Kirli Fiyat/Dirty Price;Giriş/Input;Formül 3/Formula 3;ACT365;Sadece Nitelikli Yatırımcılar arasında işlem görebilir.
TRY;252.0;2018-10-25;2018-12-21;28.0;200000.0;2018-10-25 00:00:00;95.925;27.202812870069394;27.202812870069394;;; ;95.925;Basit Getiri/Simple I;-;-;Formül 1/Formula 1;Kirli Fiyat/Dirty Price;Giriş/Input;Formül 3/Formula 3;ACT365;Sadece Nitelikli Yatırımcılar arasında işlem görebilir.
TRY;252.0;2018-11-09;2018-12-13;20.0;100000.0;2018-11-09 00:00:00;97.724;25.002588321972794;25.002588321972794;;; ;97.724;Basit Getiri/Simple I;-;-;Formül 1/Formula 1;Kirli Fiyat/Dirty Price;Giriş/Input;Formül 3/Formula 3;ACT365;Sadece Nitelikli Yatırımcılar arasında işlem görebilir.
TRY;252.0;2018-11-08;2019-01-21;59.0;135500.0;2018-11-08 00:00:00;95.204;24.847638697897082;24.847638697897082;;; ;95.204;Basit Getiri/Simple I;-;-;Formül 1/Formula 1;Kirli Fiyat/Dirty Price;Giriş/Input;Formül 3/Formula 3;ACT365;SAdece Nitelikli Yatırımcılar arasında işlem görebilir.
TRY;252.0;2018-11-16;2019-01-21;59.0;152000.0;2018-11-16 00:00:00;95.882;23.751890739437894;23.751890739437894;;; ;95.882;Basit Getiri/Simple I;-;-;Formül 1/Formula 1;Kirli Fiyat/Dirty Price;Giriş/Input;Formül 3/Formula 3;ACT365;Sadece Nitelikli Yatırımcılar arasında işlem görebilir.
TRY;252.0;2018-11-20;2019-02-15;84.0;316000.0;2018-11-20 00:00:00;94.642;23.751574900405142;23.751574900405142;;; ;94.642;Basit Getiri/Simple I;-;-;Formül 1/Formula 1;Kirli Fiyat/Dirty Price;Giriş/Input;Formül 3/Formula 3;ACT365;Sadece Nitelikli Yatırımcılar arasında işlem görebilir.
TRY;252.0;2018-06-12;2019-06-11;200.0;300000.0;2018-06-12 00:00:00;85.141;17.50017198361709;17.50017198361709;;; ;85.141;Basit Getiri/Simple I;-;-;Formül 1/Formula 1;Kirli Fiyat/Dirty Price;Giriş/Input;Formül 3/Formula 3;ACT365; ;AFB
TRY;252.0;2018-10-05;2019-10-04;315.0;300000.0;2018-10-05 00:00:00;78.172;27.99975315070234;27.99975315070234;;; ;78.172;Basit Getiri/Simple I;-;-;Formül 1/Formula 1;Kirli Fiyat/Dirty Price;Giriş/Input;Formül 3/Formula 3;ACT365; ;AFB
TRY;252.0;2018-08-31;2018-11-27;4.0;4648.0;2018-08-31 00:00:00;94.552;23.898826235106803;23.898826235106803;2019-02-13;0.0; ;94.552;Basit Getiri/Simple I;-;-;Formül 1/Formula 1;Kirli Fiyat/Dirty Price;Giriş/Input;Formül 3/Formula 3;ACT365;SAdece Nitelikli Yatırımcılar arasında işlem görebilir.
TRY;252.0;2018-10-04;2018-12-07;14.0;30000.0;2018-10-04 00:00:00;95.28;28.252256507136902;28.252256507136902;;; ;95.28;Basit Getiri/Simple I;-;-;Formül 1/Formula 1;Kirli Fiyat/Dirty Price;Giriş/Input;Formül 3/Formula 3;ACT365;SAdece Nitelikli Yatırımcılar arasında işlem görebilir.
TRY;252.0;2018-10-30;2019-01-09;47.0;70000.0;2018-10-30 00:00:00;95.01;27.00012304116245;27.00012304116245;;; ;95.01;Basit Getiri/Simple I;-;-;Formül 1/Formula 1;Kirli Fiyat/Dirty Price;Giriş/Input;Formül 3/Formula 3;ACT365;SAdece Nitelikli Yatırımcılar arasında işlem görebilir.
TRY;252.0;2018-11-07;2019-01-09;47.0;80000.0;2018-11-07 00:00:00;95.705;26.000449463173492;26.000449463173492;;; ;95.705;Basit Getiri/Simple I;-;-;Formül 1/Formula 1;Kirli Fiyat/Dirty Price;Giriş/Input;Formül 3/Formula 3;ACT365;SAdece Nitelikli Yatırımcılar arasında işlem görebilir.
TRY;252.0;2018-10-18;2019-01-17;55.0;90000.0;2018-10-18 00:00:00;93.257;29.001682341378014;29.001682341378014;;; ;93.257;Basit Getiri/Simple I;-;-;Formül 1/Formula 1;Kirli Fiyat/Dirty Price;Giriş/Input;Formül 3/Formula 3;ACT365;Sadece Nitelikli Yatırımcılar arasında işlem görebilir.
TRY;252.0;2018-10-18;2018-12-14;21.0;31924.0;2018-10-18 00:00:00;95.739;28.4997241220327;28.4997241220327;;; ;95.739;Basit Getiri/Simple I;-;-;Formül 1/Formula 1;Kirli Fiyat/Dirty Price;Giriş/Input;Formül 3/Formula 3;ACT365;Sadece Nitelikli Yatırımcılar arasında işlem görebilir.
TRY;252.0;2018-08-28;2018-12-26;33.0;13500.0;2018-08-28 00:00:00;91.57;28.0018019001857;28.0018019001857;;; ;91.57;Basit Getiri/Simple I;-;-;Formül 1/Formula 1;Kirli Fiyat/Dirty Price;Giriş/Input;Formül 3/Formula 3;ACT365;Sadece Nitelikli Yatırımcılar arasında işlem görebilir.
TRY;252.0;2018-09-20;2018-12-19;26.0;12400.0;2018-09-20 00:00:00;92.055;35.002323490183954;35.002323490183954;;; ;92.055;Basit Getiri/Simple I;-;-;Formül 1/Formula 1;Kirli Fiyat/Dirty Price;Giriş/Input;Formül 3/Formula 3;ACT365;SAdece Nitelikli Yatırımcılar arasında işlem görebilir.
TRY;252.0;2018-07-23;2019-01-14;52.0;130000.0;2018-07-23 00:00:00;90.754;21.24921687828003;21.24921687828003;;; ;90.754;Basit Getiri/Simple I;-;-;Formül 1/Formula 1;Kirli Fiyat/Dirty Price;Giriş/Input;Formül 3/Formula 3;ACT365;Sadece Nitelikli Yatırımcılar arasında işlem görebilir.
TRY;252.0;2018-08-01;2019-01-23;61.0;33000.0;2018-08-01 00:00:00;90.263;22.499362972646576;22.499362972646576;;; ;90.263;Basit Getiri/Simple I;-;-;Formül 1/Formula 1;Kirli Fiyat/Dirty Price;Giriş/Input;Formül 3/Formula 3;ACT365;Sadece Nitelikli Yatırımcılar arasında işlem görebilir.
TRY;252.0;2018-07-27;2019-01-04;42.0;54500.0;2018-07-27 00:00:00;91.819;20.199509445365084;20.199509445365084;;; ;91.819;Basit Getiri/Simple I;-;-;Formül 1/Formula 1;Kirli Fiyat/Dirty Price;Giriş/Input;Formül 3/Formula 3;ACT365;SAdece Nitelikli Yatırımcılar arasında işlem görebilir.
TRY;252.0;2018-08-10;2019-02-01;70.0;11800.0;2018-08-10 00:00:00;91.011;20.60024141508799;20.60024141508799;;; ;91.011;Basit Getiri/Simple I;-;-;Formül 1/Formula 1;Kirli Fiyat/Dirty Price;Giriş/Input;Formül 3/Formula 3;ACT365;SAdece Nitelikli Yatırımcılar arasında işlem görebilir.
TRY;252.0;2018-11-02;2019-01-04;42.0;147000.0;2018-11-02 00:00:00;95.492;27.35074956831754;27.35074956831754;;; ;95.492;Basit Getiri/Simple I;-;-;Formül 1/Formula 1;Kirli Fiyat/Dirty Price;Giriş/Input;Formül 3/Formula 3;ACT365;SAdece Nitelikli Yatırımcılar arasında işlem görebilir.
TRY;252.0;2018-11-09;2019-05-03;161.0;32000.0;2018-11-09 00:00:00;88.351;27.49995553449957;27.49995553449957;;; ;88.351;Basit Getiri/Simple I;-;-;Formül 1/Formula 1;Kirli Fiyat/Dirty Price;Giriş/Input;Formül 3/Formula 3;ACT365;SAdece Nitelikli Yatırımcılar arasında işlem görebilir.
TRY;252.0;2018-09-28;2018-11-30;7.0;195000.0;2018-09-28 00:00:00;95.155;29.49948830354481;29.49948830354481;;; ;95.155;Basit Getiri/Simple I;-;-;Formül 1/Formula 1;Kirli Fiyat/Dirty Price;Giriş/Input;Formül 3/Formula 3;ACT365;SAdece Nitelikli Yatırımcılar arasında işlem görebilir.
TRY;252.0;2018-10-05;2018-12-07;14.0;195000.0;2018-10-05 00:00:00;95.233;29.000801542882552;29.000801542882552;;; ;95.233;Basit Getiri/Simple I;-;-;Formül 1/Formula 1;Kirli Fiyat/Dirty Price;Giriş/Input;Formül 3/Formula 3;ACT365;Sadece Nitelikli Yatırımcılar arasında işlem görebilir.;DZY
TRY;252.0;2018-10-05;2019-01-18;56.0;85000.0;2018-10-05 00:00:00;92.08;29.89946630259403;29.89946630259403;;; ;92.08;Basit Getiri/Simple I;-;-;Formül 1/Formula 1;Kirli Fiyat/Dirty Price;Giriş/Input;Formül 3/Formula 3;ACT365;Sadece Nitelikli Yatırımcılar arasında işlem görebilir.;DZY
TRY;252.0;2018-11-16;2019-02-08;77.0;100000.0;2018-11-16 00:00:00;94.17;26.90107050572171;26.90107050572171;;; ;94.17;Basit Getiri/Simple I;-;-;Formül 1/Formula 1;Kirli Fiyat/Dirty Price;Giriş/Input;Formül 3/Formula 3;ACT365;Sadece Nitelikli Yatırımcılar arasında işlem görebilir.
TRY;252.0;2018-07-06;2018-12-14;21.0;55000.0;2018-07-06 00:00:00;92.061;19.550465492735334;19.550465492735334;;; ;92.061;Basit Getiri/Simple I;-;-;Formül 1/Formula 1;Kirli Fiyat/Dirty Price;Giriş/Input;Formül 3/Formula 3;ACT365;Sadece Nitelikli Yatırımcılar arasında işlem görebilir.
TRY;252.0;2018-08-17;2018-12-14;21.0;11050.0;2018-08-17 00:00:00;92.884;23.498542864887188;23.498542864887188;;; ;92.884;Basit Getiri/Simple I;-;-;Formül 1/Formula 1;Kirli Fiyat/Dirty Price;Giriş/Input;Formül 3/Formula 3;ACT365;SAdece Nitelikli Yatırımcılar arasında işlem görebilir.
TRY;252.0;2018-08-31;2018-12-14;21.0;85000.0;2018-08-31 00:00:00;93.542;23.999099971390446;23.999099971390446;;; ;93.542;Basit Getiri/Simple I;-;-;Formül 1/Formula 1;Kirli Fiyat/Dirty Price;Giriş/Input;Formül 3/Formula 3;ACT365;SAdece Nitelikli Yatırımcılar arasında işlem görebilir.
TRY;252.0;2018-09-21;2018-12-14;21.0;5000.0;2018-09-21 00:00:00;93.794;28.75082374037531;28.75082374037531;;; ;93.794;Basit Getiri/Simple I;-;-;Formül 1/Formula 1;Kirli Fiyat/Dirty Price;Giriş/Input;Formül 3/Formula 3;ACT365;SAdece Nitelikli Yatırımcılar arasında işlem görebilir.
TRY;252.0;2018-10-12;2018-12-14;21.0;200000.0;2018-10-12 00:00:00;95.39;27.999507452280227;27.999507452280227;;; ;95.39;Basit Getiri/Simple I;-;-;Formül 1/Formula 1;Kirli Fiyat/Dirty Price;Giriş/Input;Formül 3/Formula 3;ACT365;SAdece Nitelikli Yatırımcılar arasında işlem görebilir.
TRY;252.0;2018-10-12;2019-01-11;49.0;350000.0;2018-10-12 00:00:00;93.312;28.748172266690812;28.748172266690812;;; ;93.312;Basit Getiri/Simple I;-;-;Formül 1/Formula 1;Kirli Fiyat/Dirty Price;Giriş/Input;Formül 3/Formula 3;ACT365;SAdece Nitelikli Yatırımcılar arasında işlem görebilir.
TRY;252.0;2018-10-19;2018-12-21;28.0;293000.0;2018-10-19 00:00:00;95.484;27.401582447454064;27.401582447454064;;; ;95.484;Basit Getiri/Simple I;-;-;Formül 1/Formula 1;Kirli Fiyat/Dirty Price;Giriş/Input;Formül 3/Formula 3;ACT365;SAdece Nitelikli Yatırımcılar arasında işlem görebilir.
TRY;252.0;2018-10-26;2019-01-11;49.0;135000.0;2018-10-26 00:00:00;94.592;27.100943711227853;27.100943711227853;;; ;94.592;Basit Getiri/Simple I;-;-;Formül 1/Formula 1;Kirli Fiyat/Dirty Price;Giriş/Input;Formül 3/Formula 3;ACT365;SAdece Nitelikli Yatırımcılar arasında işlem görebilir.
TRY;252.0;2018-06-22;2018-12-14;21.0;35000.0;2018-06-22 00:00:00;90.853;20.998787680570334;20.998787680570334;;; ;90.853;Basit Getiri/Simple I;-;-;Formül 1/Formula 1;Kirli Fiyat/Dirty Price;Giriş/Input;Formül 3/Formula 3;ACT365;Sadece Nitelikli Yatırımcılar arasında işlem görebilir.
TRY;252.0;2018-11-20;2019-02-04;73.0;11750.0;2018-11-20 00:00:00;93.936;31.0031914226035;31.0031914226035;;; ;93.936;Basit Getiri/Simple I;-;-;Formül 1/Formula 1;Kirli Fiyat/Dirty Price;Giriş/Input;Formül 3/Formula 3;ACT365;Sadece Nitelikli Yatırımcılar arasında işlem görebilir.
TRY;252.0;2018-10-19;2019-01-17;55.0;3000.0;2018-10-19 00:00:00;91.847;36.00002661430907;36.00002661430907;;; ;91.847;Basit Getiri/Simple I;-;-;Formül 1/Formula 1;Kirli Fiyat/Dirty Price;Giriş/Input;Formül 3/Formula 3;ACT365;Sadece Nitelikli Yatırımcılar arasında işlem görebilir.
TRY;252.0;2018-06-05;2019-02-01;70.0;4000.0;2018-06-05 00:00:00;88.412;19.850575098891007;19.850575098891007;;; ;88.412;Basit Getiri/Simple I;-;-;Formül 1/Formula 1;Kirli Fiyat/Dirty Price;Giriş/Input;Formül 3/Formula 3;ACT365;Sadece Nitelikli Yatırımcılar arasında işlem görebilir.
TRY;252.0;2018-06-08;2018-11-30;7.0;12500.0;2018-06-08 00:00:00;91.051;20.499563039238588;20.499563039238588;;; ;91.051;Basit Getiri/Simple I;-;-;Formül 1/Formula 1;Kirli Fiyat/Dirty Price;Giriş/Input;Formül 3/Formula 3;ACT365;Sadece Nitelikli Yatırımcılar arasında işlem görebilir.
TRY;252.0;2018-10-30;2019-02-28;97.0;60000.0;2018-10-30 00:00:00;91.229;29.00171568976045;29.00171568976045;;; ;91.229;Basit Getiri/Simple I;-;-;Formül 1/Formula 1;Kirli Fiyat/Dirty Price;Giriş/Input;Formül 3/Formula 3;ACT365;Sadece Nitelikli Yatırımcılar arasında işlem görebilir.
TRY;252.0;2018-10-03;2018-12-05;12.0;112000.0;2018-10-03 00:00:00;95.351;28.247928747136967;28.247928747136967;;; ;95.351;Basit Getiri/Simple I;-;-;Formül 1/Formula 1;Kirli Fiyat/Dirty Price;Giriş/Input;Formül 3/Formula 3;ACT365;Sadece Nitelikli Yatırımcılar arasında işlem görebilir.
TRY;252.0;2018-07-04;2018-11-28;5.0;165235.0;2018-07-04 00:00:00;92.718;19.501236504869617;19.501236504869617;;; ;92.718;Basit Getiri/Simple I;-;-;Formül 1/Formula 1;Kirli Fiyat/Dirty Price;Giriş/Input;Formül 3/Formula 3;ACT365;Sadece Nitelikli Yatırımcılar arasında işlem görebilir.
TRY;252.0;2018-10-10;2018-12-12;19.0;164760.0;2018-10-10 00:00:00;95.351;28.247928747136967;28.247928747136967;;; ;95.351;Basit Getiri/Simple I;-;-;Formül 1/Formula 1;Kirli Fiyat/Dirty Price;Giriş/Input;Formül 3/Formula 3;ACT365;Sadece Nitelikli Yatırımcılar arasında işlem görebilir.
TRY;252.0;2018-11-07;2019-01-30;68.0;150000.0;2018-11-07 00:00:00;94.252;26.499627139401422;26.499627139401422;;; ;94.252;Basit Getiri/Simple I;-;-;Formül 1/Formula 1;Kirli Fiyat/Dirty Price;Giriş/Input;Formül 3/Formula 3;ACT365;Sadece Nitelikli Yatırımcılar arasında işlem görebilir.
TRY;252.0;2018-11-16;2019-02-06;75.0;50000.0;2018-11-16 00:00:00;94.682;25.001146327552913;25.001146327552913;;; ;94.682;Basit Getiri/Simple I;-;-;Formül 1/Formula 1;Kirli Fiyat/Dirty Price;Giriş/Input;Formül 3/Formula 3;ACT365;Sadece Nitelikli Yatırımcılar arasında işlem görebilir.
TRY;252.0;2018-06-05;2018-11-30;7.0;131769.0;2018-06-05 00:00:00;91.972;17.89882802631189;17.89882802631189;;; ;91.972;Basit Getiri/Simple I;-;-;Formül 1/Formula 1;Kirli Fiyat/Dirty Price;Giriş/Input;Formül 3/Formula 3;ACT365;Sadece Nitelikli Yatırımcılar arasında işlem görebilir.
TRY;252.0;2018-06-19;2018-12-14;21.0;65000.0;2018-06-19 00:00:00;91.418;19.249952250448025;19.249952250448025;;; ;91.418;Basit Getiri/Simple I;-;-;Formül 1/Formula 1;Kirli Fiyat/Dirty Price;Giriş/Input;Formül 3/Formula 3;ACT365;Sadece Nitelikli Yatırımcılar arasında işlem görebilir.
TRY;252.0;2018-11-12;2019-01-21;59.0;100000.0;2018-11-12 00:00:00;95.251;25.99725237230358;25.99725237230358;;; ;95.251;Basit Getiri/Simple I;-;-;Formül 1/Formula 1;Kirli Fiyat/Dirty Price;Giriş/Input;Formül 3/Formula 3;ACT365;Sadece Nitelikli Yatırımcılar arasında işlem görebilir.
TRY;252.0;2018-11-12;2019-05-02;160.0;60000.0;2018-11-12 00:00:00;88.771;27.00018399402207;27.00018399402207;;; ;88.771;Basit Getiri/Simple I;-;-;Formül 1/Formula 1;Kirli Fiyat/Dirty Price;Giriş/Input;Formül 3/Formula 3;ACT365;Sadece Nitelikli Yatırımcılar arasında işlem görebilir.
TRY;252.0;2018-11-19;2019-01-23;61.0;60000.0;2018-11-19 00:00:00;95.738;24.998192181546727;24.998192181546727;;; ;95.738;Basit Getiri/Simple I;-;-;Formül 1/Formula 1;Kirli Fiyat/Dirty Price;Giriş/Input;Formül 3/Formula 3;ACT365;Sadece Nitelikli Yatırımcılar arasında işlem görebilir.
TRY;252.0;2018-06-12;2018-12-07;14.0;56937.279;2018-06-12 00:00:00;91.52;18.99996071344387;18.99996071344387;;; ;91.52;Basit Getiri/Simple I;-;-;Formül 1/Formula 1;Kirli Fiyat/Dirty Price;Giriş/Input;Formül 3/Formula 3;ACT365;Sadece Nitelikli Yatırımcılar arasında işlem görebilir.
TRY;252.0;2018-11-09;2019-01-25;63.0;125000.0;2018-11-09 00:00:00;94.8;26.00142473560195;26.00142473560195;;; ;94.8;Basit Getiri/Simple I;-;-;Formül 1/Formula 1;Kirli Fiyat/Dirty Price;Giriş/Input;Formül 3/Formula 3;ACT365;Sadece Nitelikli Yatırımcılar arasında işlem görebilir.
TRY;252.0;2018-10-01;2018-12-10;17.0;15000.0;2018-10-01 00:00:00;94.645;29.50235089016855;29.50235089016855;;; ;94.645;Basit Getiri/Simple I;-;-;Formül 1/Formula 1;Kirli Fiyat/Dirty Price;Giriş/Input;Formül 3/Formula 3;ACT365;Sadece Nitelikli Yatırımcılar arasında işlem görebilir.
TRY;252.0;2018-10-08;2018-12-10;17.0;5820.0;2018-10-08 00:00:00;95.233;29.000801542882552;29.000801542882552;;; ;95.233;Basit Getiri/Simple I;-;-;Formül 1/Formula 1;Kirli Fiyat/Dirty Price;Giriş/Input;Formül 3/Formula 3;ACT365;Sadece Nitelikli Yatırımcılar arasında işlem görebilir.
TRY;252.0;2018-09-24;2018-11-26;3.0;30000.0;2018-09-24 00:00:00;95.155;29.49948830354481;29.49948830354481;;; ;95.155;Basit Getiri/Simple I;-;-;Formül 1/Formula 1;Kirli Fiyat/Dirty Price;Giriş/Input;Formül 3/Formula 3;ACT365; ;GDK
TRY;252.0;2018-10-05;2019-01-09;47.0;60000.0;2018-10-05 00:00:00;92.8;29.498922413793142;29.498922413793142;;; ;92.8;Basit Getiri/Simple I;-;-;Formül 1/Formula 1;Kirli Fiyat/Dirty Price;Giriş/Input;Formül 3/Formula 3;ACT365;Sadece Nitelikli Yatırımcılar arasında işlem görebilir.
TRY;252.0;2018-10-25;2019-01-25;63.0;40000.0;2018-10-25 00:00:00;93.408;27.998719037192636;27.998719037192636;;; ;93.408;Basit Getiri/Simple I;-;-;Formül 1/Formula 1;Kirli Fiyat/Dirty Price;Giriş/Input;Formül 3/Formula 3;ACT365;Sadece Nitelikli Yatırımcılar arasında işlem görebilir.
TRY;252.0;2018-10-17;2019-01-16;54.0;105000.0;2018-10-17 00:00:00;93.149;29.500355037934572;29.500355037934572;;; ;93.149;Basit Getiri/Simple I;-;-;Formül 1/Formula 1;Kirli Fiyat/Dirty Price;Giriş/Input;Formül 3/Formula 3;ACT365;Sadece Nitelikli Yatırımcılar arasında işlem görebilir.;HLY
TRY;252.0;2018-10-23;2019-02-20;89.0;105000.0;2018-10-23 00:00:00;91.433;28.499511481995864;28.499511481995864;;; ;91.433;Basit Getiri/Simple I;-;-;Formül 1/Formula 1;Kirli Fiyat/Dirty Price;Giriş/Input;Formül 3/Formula 3;ACT365;Sadece Nitelikli Yatırımcılar arasında işlem görebilir.;HLY
TRY;252.0;2018-10-10;2019-01-09;47.0;175000.0;2018-10-10 00:00:00;93.149;29.500355037934572;29.500355037934572;;; ;93.149;Basit Getiri/Simple I;-;-;Formül 1/Formula 1;Kirli Fiyat/Dirty Price;Giriş/Input;Formül 3/Formula 3;ACT365;Sadece Nitelikli Yatırımcılar arasında işlem görebilir.;HLY
TRY;252.0;2018-11-07;2019-03-06;103.0;150000.0;2018-11-07 00:00:00;92.02;26.599076927010778;26.599076927010778;;; ;92.02;Basit Getiri/Simple I;-;-;Formül 1/Formula 1;Kirli Fiyat/Dirty Price;Giriş/Input;Formül 3/Formula 3;ACT365;Sadece Nitelikli Yatırımcılar arasında işlem görebilir.;HLY
TRY;252.0;2018-09-19;2018-12-21;28.0;50000.0;2018-09-19 00:00:00;93.23;28.499871401401794;28.499871401401794;;; ;93.23;Basit Getiri/Simple I;-;-;Formül 1/Formula 1;Kirli Fiyat/Dirty Price;Giriş/Input;Formül 3/Formula 3;ACT365;Sadece Nitelikli Yatırımcılar arasında işlem görebilir.
TRY;252.0;2018-09-21;2018-12-21;28.0;50000.0;2018-09-21 00:00:00;93.257;29.001682341378014;29.001682341378014;;; ;93.257;Basit Getiri/Simple I;-;-;Formül 1/Formula 1;Kirli Fiyat/Dirty Price;Giriş/Input;Formül 3/Formula 3;ACT365;Sadece Nitelikli Yatırımcılar arasında işlem görebilir.
TRY;252.0;2018-09-04;2018-12-03;10.0;186200.0;2018-09-04 00:00:00;94.457;23.7991302332749;23.7991302332749;;; ;94.457;Basit Getiri/Simple I;-;-;Formül 1/Formula 1;Kirli Fiyat/Dirty Price;Giriş/Input;Formül 3/Formula 3;ACT365;Sadece Nitelikli Yatırımcılar arasında işlem görebilir.
TRY;252.0;2018-10-11;2018-12-10;17.0;50000.0;2018-10-11 00:00:00;95.45;28.998603108084442;28.998603108084442;;; ;95.45;Basit Getiri/Simple I;-;-;Formül 1/Formula 1;Kirli Fiyat/Dirty Price;Giriş/Input;Formül 3/Formula 3;ACT365;Sadece Nitelikli Yatırımcılar arasında işlem görebilir.
TRY;252.0;2018-10-11;2019-01-07;45.0;150000.0;2018-10-11 00:00:00;93.36;29.49968840071668;29.49968840071668;;; ;93.36;Basit Getiri/Simple I;-;-;Formül 1/Formula 1;Kirli Fiyat/Dirty Price;Giriş/Input;Formül 3/Formula 3;ACT365;Sadece Nitelikli Yatırımcılar arasında işlem görebilir.
TRY;252.0;2018-09-07;2018-12-04;11.0;87220.0;2018-09-07 00:00:00;94.584;23.750413293042065;23.750413293042065;;; ;94.584;Basit Getiri/Simple I;-;-;Formül 1/Formula 1;Kirli Fiyat/Dirty Price;Giriş/Input;Formül 3/Formula 3;ACT365;SAdece Nitelikli Yatırımcılar arasında işlem görebilir.
TRY;252.0;2018-10-12;2019-01-10;48.0;250000.0;2018-10-12 00:00:00;93.327;28.997741513412272;28.997741513412272;;; ;93.327;Basit Getiri/Simple I;-;-;Formül 1/Formula 1;Kirli Fiyat/Dirty Price;Giriş/Input;Formül 3/Formula 3;ACT365;SAdece Nitelikli Yatırımcılar arasında işlem görebilir.
TRY;252.0;2018-10-18;2018-12-21;28.0;22260.0;2018-10-18 00:00:00;95.432;27.29888821359716;27.29888821359716;;; ;95.432;Basit Getiri/Simple I;-;-;Formül 1/Formula 1;Kirli Fiyat/Dirty Price;Giriş/Input;Formül 3/Formula 3;ACT365;SAdece Nitelikli Yatırımcılar arasında işlem görebilir.
TRY;252.0;2018-10-30;2019-01-28;66.0;300000.0;2018-10-30 00:00:00;93.65;27.49896185560888;27.49896185560888;;; ;93.65;Basit Getiri/Simple I;-;-;Formül 1/Formula 1;Kirli Fiyat/Dirty Price;Giriş/Input;Formül 3/Formula 3;ACT365;SAdece Nitelikli Yatırımcılar arasında işlem görebilir.
TRY;252.0;2018-11-12;2019-03-12;109.0;200000.0;2018-11-12 00:00:00;92.055;26.251742617637962;26.251742617637962;;; ;92.055;Basit Getiri/Simple I;-;-;Formül 1/Formula 1;Kirli Fiyat/Dirty Price;Giriş/Input;Formül 3/Formula 3;ACT365;SAdece Nitelikli Yatırımcılar arasında işlem görebilir.
TRY;252.0;2018-11-19;2019-03-19;116.0;200000.0;2018-11-19 00:00:00;92.293;25.399678198779974;25.399678198779974;;; ;92.293;Basit Getiri/Simple I;-;-;Formül 1/Formula 1;Kirli Fiyat/Dirty Price;Giriş/Input;Formül 3/Formula 3;ACT365;SAdece Nitelikli Yatırımcılar arasında işlem görebilir.
TRY;252.0;2018-05-04;2019-02-05;74.0;60550.0;2018-05-04 00:00:00;89.475;15.500064051935542;15.500064051935542;;; ;89.475;Basit Getiri/Simple I;-;-;Formül 1/Formula 1;Kirli Fiyat/Dirty Price;Giriş/Input;Formül 3/Formula 3;ACT365;Sadece Nitelikli Yatırımcılar arasında işlem görebilir.
TRY;252.0;2018-11-19;2019-01-17;55.0;243000.0;2018-11-19 00:00:00;96.191;24.497252905545036;24.497252905545036;;; ;96.191;Basit Getiri/Simple I;-;-;Formül 1/Formula 1;Kirli Fiyat/Dirty Price;Giriş/Input;Formül 3/Formula 3;ACT365;SAdece Nitelikli Yatırımcılar arasında işlem görebilir.
TRY;252.0;2018-11-21;2019-01-22;60.0;78600.0;2018-11-21 00:00:00;96.083;23.99983146291865;23.99983146291865;;; ;96.083;Basit Getiri/Simple I;-;-;Formül 1/Formula 1;Kirli Fiyat/Dirty Price;Giriş/Input;Formül 3/Formula 3;ACT365;SAdece Nitelikli Yatırımcılar arasında işlem görebilir.
TRY;252.0;2018-06-06;2019-02-01;70.0;55000.0;2018-06-06 00:00:00;89.31;18.20368193184786;18.20368193184786;;; ;89.31;Basit Getiri/Simple I;-;-;Formül 1/Formula 1;Kirli Fiyat/Dirty Price;Giriş/Input;Formül 3/Formula 3;ACT365;Sadece Nitelikli Yatırımcılar arasında işlem görebilir.
TRY;252.0;2018-10-10;2019-04-04;132.0;30000.0;2018-10-10 00:00:00;86.813;31.502240186063457;31.502240186063457;;; ;86.813;Basit Getiri/Simple I;-;-;Formül 1/Formula 1;Kirli Fiyat/Dirty Price;Giriş/Input;Formül 3/Formula 3;ACT365;Sadece Nitelikli Yatırımcılar arasında işlem görebilir.
TRY;252.0;2018-04-27;2018-12-06;13.0;25000.0;2018-04-27 00:00:00;90.216;17.75092046154502;17.75092046154502;;; ;90.216;Basit Getiri/Simple I;-;-;Formül 1/Formula 1;Kirli Fiyat/Dirty Price;Giriş/Input;Formül 3/Formula 3;ACT365;Sadece Nitelikli Yatırımcılar arasında işlem görebilir.
TRY;252.0;2018-06-20;2018-12-06;13.0;10250.0;2018-06-20 00:00:00;90.565;22.500267061122223;22.500267061122223;;; ;90.565;Basit Getiri/Simple I;-;-;Formül 1/Formula 1;Kirli Fiyat/Dirty Price;Giriş/Input;Formül 3/Formula 3;ACT365;Sadece Nitelikli Yatırımcılar arasında işlem görebilir.
TRY;252.0;2018-07-23;2018-12-06;13.0;25390.0;2018-07-23 00:00:00;92.106;23.001870606883877;23.001870606883877;;; ;92.106;Basit Getiri/Simple I;-;-;Formül 1/Formula 1;Kirli Fiyat/Dirty Price;Giriş/Input;Formül 3/Formula 3;ACT365;Sadece Nitelikli Yatırımcılar arasında işlem görebilir.
TRY;252.0;2018-11-15;2019-04-19;147.0;18570.0;2018-11-15 00:00:00;88.119;31.750063788374145;31.750063788374145;;; ;88.119;Basit Getiri/Simple I;-;-;Formül 1/Formula 1;Kirli Fiyat/Dirty Price;Giriş/Input;Formül 3/Formula 3;ACT365;Sadece Nitelikli Yatırımcılar arasında işlem görebilir.
TRY;252.0;2018-07-05;2018-12-21;28.0;14000.0;2018-07-05 00:00:00;90.851;21.74953996787382;21.74953996787382;;; ;90.851;Basit Getiri/Simple I;-;-;Formül 1/Formula 1;Kirli Fiyat/Dirty Price;Giriş/Input;Formül 3/Formula 3;ACT365;Sadece Nitelikli Yatırımcılar arasında işlem görebilir.
TRY;252.0;2018-08-09;2018-11-29;6.0;150000.0;2018-08-09 00:00:00;94.231;19.951776940254717;19.951776940254717;;; ;94.231;Basit Getiri/Simple I;-;-;Formül 1/Formula 1;Kirli Fiyat/Dirty Price;Giriş/Input;Formül 3/Formula 3;ACT365;SAdece Nitelikli Yatırımcılar arasında işlem görebilir.
TRY;252.0;2018-09-28;2018-12-27;34.0;70000.0;2018-09-28 00:00:00;93.112;30.0011455737893;30.0011455737893;;; ;93.112;Basit Getiri/Simple I;-;-;Formül 1/Formula 1;Kirli Fiyat/Dirty Price;Giriş/Input;Formül 3/Formula 3;ACT365;Sadece Nitelikli Yatırımcılar arasında işlem görebilir.;NYB
TRY;252.0;2018-10-05;2018-12-05;12.0;50000.0;2018-10-05 00:00:00;95.301;29.50332862521353;29.50332862521353;;; ;95.301;Basit Getiri/Simple I;-;-;Formül 1/Formula 1;Kirli Fiyat/Dirty Price;Giriş/Input;Formül 3/Formula 3;ACT365;Sadece Nitelikli Yatırımcılar arasında işlem görebilir.;NYB
TRY;252.0;2018-10-11;2018-12-21;28.0;50000.0;2018-10-11 00:00:00;94.53;29.747617195822716;29.747617195822716;;; ;94.53;Basit Getiri/Simple I;-;-;Formül 1/Formula 1;Kirli Fiyat/Dirty Price;Giriş/Input;Formül 3/Formula 3;ACT365;Sadece Nitelikli Yatırımcılar arasında işlem görebilir.;NYB
TRY;252.0;2018-10-19;2019-01-17;55.0;50000.0;2018-10-19 00:00:00;93.38;28.751100640156135;28.751100640156135;;; ;93.38;Basit Getiri/Simple I;-;-;Formül 1/Formula 1;Kirli Fiyat/Dirty Price;Giriş/Input;Formül 3/Formula 3;ACT365;Sadece Nitelikli Yatırımcılar arasında işlem görebilir.
TRY;252.0;2018-10-25;2019-01-25;63.0;40000.0;2018-10-25 00:00:00;93.298;28.49949250974199;28.49949250974199;;; ;93.298;Basit Getiri/Simple I;-;-;Formül 1/Formula 1;Kirli Fiyat/Dirty Price;Giriş/Input;Formül 3/Formula 3;ACT365;Sadece Nitelikli Yatırımcılar arasında işlem görebilir.
TRY;252.0;2018-11-01;2019-01-11;49.0;50000.0;2018-11-01 00:00:00;94.747;28.50207305237056;28.50207305237056;;; ;94.747;Basit Getiri/Simple I;-;-;Formül 1/Formula 1;Kirli Fiyat/Dirty Price;Giriş/Input;Formül 3/Formula 3;ACT365;Sadece Nitelikli Yatırımcılar arasında işlem görebilir.
TRY;252.0;2018-11-07;2019-02-06;75.0;50000.0;2018-11-07 00:00:00;93.584;27.49883045660103;27.49883045660103;;; ;93.584;Basit Getiri/Simple I;-;-;Formül 1/Formula 1;Kirli Fiyat/Dirty Price;Giriş/Input;Formül 3/Formula 3;ACT365;Sadece Nitelikli Yatırımcılar arasında işlem görebilir.
TRY;252.0;2018-11-16;2019-02-15;84.0;60000.0;2018-11-16 00:00:00;93.803;26.498191850046236;26.498191850046236;;; ;93.803;Basit Getiri/Simple I;-;-;Formül 1/Formula 1;Kirli Fiyat/Dirty Price;Giriş/Input;Formül 3/Formula 3;ACT365;Sadece Nitelikli Yatırımcılar arasında işlem görebilir.
TRY;252.0;2018-10-23;2019-04-19;147.0;100000.0;2018-10-23 00:00:00;87.311;29.801031544347655;29.801031544347655;;; ;87.311;Basit Getiri/Simple I;-;-;Formül 1/Formula 1;Kirli Fiyat/Dirty Price;Giriş/Input;Formül 3/Formula 3;ACT365;SAdece Nitelikli Yatırımcılar arasında işlem görebilir.
TRY;252.0;2018-10-16;2018-12-18;25.0;93500.0;2018-10-16 00:00:00;95.327;28.400904422388372;28.400904422388372;;; ;95.327;Basit Getiri/Simple I;-;-;Formül 1/Formula 1;Kirli Fiyat/Dirty Price;Giriş/Input;Formül 3/Formula 3;ACT365;Sadece Nitelikli Yatırımcılar arasında işlem görebilir.
TRY;252.0;2018-11-16;2019-02-15;84.0;50000.0;2018-11-16 00:00:00;94.022;25.5022147026146;25.5022147026146;;; ;94.022;Basit Getiri/Simple I;-;-;Formül 1/Formula 1;Kirli Fiyat/Dirty Price;Giriş/Input;Formül 3/Formula 3;ACT365;Sadece Nitelikli Yatırımcılar arasında işlem görebilir.
TRY;252.0;2018-11-02;2019-01-09;47.0;30600.0;2018-11-02 00:00:00;95.126;27.502377651436838;27.502377651436838;;; ;95.126;Basit Getiri/Simple I;-;-;Formül 1/Formula 1;Kirli Fiyat/Dirty Price;Giriş/Input;Formül 3/Formula 3;ACT365;Sadece Nitelikli Yatırımcılar arasında işlem görebilir.
TRY;252.0;2018-11-13;2019-02-08;77.0;25040.0;2018-11-13 00:00:00;94.059;26.499202689238988;26.499202689238988;;; ;94.059;Basit Getiri/Simple I;-;-;Formül 1/Formula 1;Kirli Fiyat/Dirty Price;Giriş/Input;Formül 3/Formula 3;ACT365;Sadece Nitelikli Yatırımcılar arasında işlem görebilir.
TRY;252.0;2018-09-18;2018-11-28;5.0;53215.0;2018-09-18 00:00:00;94.66;29.000752879839798;29.000752879839798;;; ;94.66;Basit Getiri/Simple I;-;-;Formül 1/Formula 1;Kirli Fiyat/Dirty Price;Giriş/Input;Formül 3/Formula 3;ACT365;Sadece Nitelikli Yatırımcılar arasında işlem görebilir.
TRY;252.0;2018-10-16;2019-01-15;53.0;101193.0;2018-10-16 00:00:00;93.149;29.500355037934572;29.500355037934572;;; ;93.149;Basit Getiri/Simple I;-;-;Formül 1/Formula 1;Kirli Fiyat/Dirty Price;Giriş/Input;Formül 3/Formula 3;ACT365;Sadece Nitelikli Yatırımcılar arasında işlem görebilir.;QNB
TRY;252.0;2018-10-22;2019-02-19;88.0;70000.0;2018-10-22 00:00:00;91.433;28.499511481995864;28.499511481995864;;; ;91.433;Basit Getiri/Simple I;-;-;Formül 1/Formula 1;Kirli Fiyat/Dirty Price;Giriş/Input;Formül 3/Formula 3;ACT365;Sadece Nitelikli Yatırımcılar arasında işlem görebilir.;QNB
TRY;252.0;2018-09-25;2018-12-11;18.0;50460.0;2018-09-25 00:00:00;94.141;29.50168557608459;29.50168557608459;;; ;94.141;Basit Getiri/Simple I;-;-;Formül 1/Formula 1;Kirli Fiyat/Dirty Price;Giriş/Input;Formül 3/Formula 3;ACT365;Sadece Nitelikli Yatırımcılar arasında işlem görebilir.;QNB
TRY;252.0;2018-10-10;2018-12-18;25.0;91700.0;2018-10-10 00:00:00;94.803;28.998424956588092;28.998424956588092;;; ;94.803;Basit Getiri/Simple I;-;-;Formül 1/Formula 1;Kirli Fiyat/Dirty Price;Giriş/Input;Formül 3/Formula 3;ACT365;Sadece Nitelikli Yatırımcılar arasında işlem görebilir.;QNB
TRY;252.0;2018-10-17;2019-01-08;46.0;206900.0;2018-10-17 00:00:00;93.813;29.002261484298575;29.002261484298575;;; ;93.813;Basit Getiri/Simple I;-;-;Formül 1/Formula 1;Kirli Fiyat/Dirty Price;Giriş/Input;Formül 3/Formula 3;ACT365;Sadece Nitelikli Yatırımcılar arasında işlem görebilir.;QNB
TRY;252.0;2018-10-24;2019-02-05;74.0;80000.0;2018-10-24 00:00:00;92.685;27.699019839738398;27.699019839738398;;; ;92.685;Basit Getiri/Simple I;-;-;Formül 1/Formula 1;Kirli Fiyat/Dirty Price;Giriş/Input;Formül 3/Formula 3;ACT365;Sadece Nitelikli Yatırımcılar arasında işlem görebilir.;QNB
TRY;252.0;2018-10-31;2019-02-12;81.0;120000.0;2018-10-31 00:00:00;92.783;27.29906796586576;27.29906796586576;;; ;92.783;Basit Getiri/Simple I;-;-;Formül 1/Formula 1;Kirli Fiyat/Dirty Price;Giriş/Input;Formül 3/Formula 3;ACT365;Sadece Nitelikli Yatırımcılar arasında işlem görebilir.;QNB
TRY;252.0;2018-11-07;2019-02-26;95.0;120000.0;2018-11-07 00:00:00;92.542;26.500458228754535;26.500458228754535;;; ;92.542;Basit Getiri/Simple I;-;-;Formül 1/Formula 1;Kirli Fiyat/Dirty Price;Giriş/Input;Formül 3/Formula 3;ACT365;Sadece Nitelikli Yatırımcılar arasında işlem görebilir.;QNB
TRY;252.0;2018-11-13;2019-05-07;165.0;70000.0;2018-11-13 00:00:00;88.614;26.799312588465522;26.799312588465522;;; ;88.614;Basit Getiri/Simple I;-;-;Formül 1/Formula 1;Kirli Fiyat/Dirty Price;Giriş/Input;Formül 3/Formula 3;ACT365;Sadece Nitelikli Yatırımcılar arasında işlem görebilir.;QNB
TRY;252.0;2018-09-28;2019-01-18;56.0;51145.0;2018-09-28 00:00:00;92.023;28.249973609082186;28.249973609082186;;; ;92.023;Basit Getiri/Simple I;-;-;Formül 1/Formula 1;Kirli Fiyat/Dirty Price;Giriş/Input;Formül 3/Formula 3;ACT365;Sadece Nitelikli Yatırımcılar arasında işlem görebilir.;QNB
TRY;252.0;2018-10-05;2018-12-07;14.0;89940.0;2018-10-05 00:00:00;95.39;27.999507452280227;27.999507452280227;;; ;95.39;Basit Getiri/Simple I;-;-;Formül 1/Formula 1;Kirli Fiyat/Dirty Price;Giriş/Input;Formül 3/Formula 3;ACT365;Sadece Nitelikli Yatırımcılar arasında işlem görebilir.;QNB
TRY;252.0;2018-10-12;2018-12-14;21.0;218570.0;2018-10-12 00:00:00;95.429;27.751289207450313;27.751289207450313;;; ;95.429;Basit Getiri/Simple I;-;-;Formül 1/Formula 1;Kirli Fiyat/Dirty Price;Giriş/Input;Formül 3/Formula 3;ACT365;Sadece Nitelikli Yatırımcılar arasında işlem görebilir.;QNB
TRY;252.0;2018-10-12;2019-01-11;49.0;103070.0;2018-10-12 00:00:00;93.42;28.25123923389814;28.25123923389814;;; ;93.42;Basit Getiri/Simple I;-;-;Formül 1/Formula 1;Kirli Fiyat/Dirty Price;Giriş/Input;Formül 3/Formula 3;ACT365;Sadece Nitelikli Yatırımcılar arasında işlem görebilir.;QNB
TRY;252.0;2018-10-19;2018-12-21;28.0;119795.0;2018-10-19 00:00:00;95.516;27.198302021368292;27.198302021368292;;; ;95.516;Basit Getiri/Simple I;-;-;Formül 1/Formula 1;Kirli Fiyat/Dirty Price;Giriş/Input;Formül 3/Formula 3;ACT365;Sadece Nitelikli Yatırımcılar arasında işlem görebilir.;QNB
TRY;252.0;2018-10-26;2019-01-04;42.0;190200.0;2018-10-26 00:00:00;95.094;26.901051290602673;26.901051290602673;;; ;95.094;Basit Getiri/Simple I;-;-;Formül 1/Formula 1;Kirli Fiyat/Dirty Price;Giriş/Input;Formül 3/Formula 3;ACT365;Sadece Nitelikli Yatırımcılar arasında işlem görebilir.;QNB
TRY;252.0;2018-11-02;2019-01-18;56.0;345900.0;2018-11-02 00:00:00;94.724;26.402612209799365;26.402612209799365;;; ;94.724;Basit Getiri/Simple I;-;-;Formül 1/Formula 1;Kirli Fiyat/Dirty Price;Giriş/Input;Formül 3/Formula 3;ACT365;Sadece Nitelikli Yatırımcılar arasında işlem görebilir.;QNB
TRY;252.0;2018-11-02;2019-02-22;91.0;68950.0;2018-11-02 00:00:00;92.441;26.648609460551693;26.648609460551693;;; ;92.441;Basit Getiri/Simple I;-;-;Formül 1/Formula 1;Kirli Fiyat/Dirty Price;Giriş/Input;Formül 3/Formula 3;ACT365;Sadece Nitelikli Yatırımcılar arasında işlem görebilir.;QNB
TRY;252.0;2018-11-09;2019-01-25;63.0;231990.0;2018-11-09 00:00:00;94.857;25.70095601184504;25.70095601184504;;; ;94.857;Basit Getiri/Simple I;-;-;Formül 1/Formula 1;Kirli Fiyat/Dirty Price;Giriş/Input;Formül 3/Formula 3;ACT365;Sadece Nitelikli Yatırımcılar arasında işlem görebilir.;QNB
TRY;252.0;2018-11-16;2019-02-01;70.0;125000.0;2018-11-16 00:00:00;94.99;25.0012646580707;25.0012646580707;;; ;94.99;Basit Getiri/Simple I;-;-;Formül 1/Formula 1;Kirli Fiyat/Dirty Price;Giriş/Input;Formül 3/Formula 3;ACT365;Sadece Nitelikli Yatırımcılar arasında işlem görebilir.;QNB
TRY;252.0;2018-11-16;2019-05-14;172.0;40000.0;2018-11-16 00:00:00;86.619;31.500339797976114;31.500339797976114;;; ;86.619;Basit Getiri/Simple I;-;-;Formül 1/Formula 1;Kirli Fiyat/Dirty Price;Giriş/Input;Formül 3/Formula 3;ACT365;Sadece Nitelikli Yatırımcılar arasında işlem görebilir.
TRY;252.0;2018-09-07;2018-12-07;14.0;50000.0;2018-09-07 00:00:00;93.803;26.498191850046236;26.498191850046236;;; ;93.803;Basit Getiri/Simple I;-;-;Formül 1/Formula 1;Kirli Fiyat/Dirty Price;Giriş/Input;Formül 3/Formula 3;ACT365;Sadece Nitelikli Yatırımcılar arasında işlem görebilir.
TRY;252.0;2018-09-20;2019-01-04;42.0;5479.0;2018-09-20 00:00:00;91.255;32.99819187989704;32.99819187989704;;; ;91.255;Basit Getiri/Simple I;-;-;Formül 1/Formula 1;Kirli Fiyat/Dirty Price;Giriş/Input;Formül 3/Formula 3;ACT365;Sadece Nitelikli Yatırımcılar arasında işlem görebilir.
TRY;252.0;2018-09-28;2018-12-18;25.0;17791.0;2018-09-28 00:00:00;93.176;33.002193114954636;33.002193114954636;;; ;93.176;Basit Getiri/Simple I;-;-;Formül 1/Formula 1;Kirli Fiyat/Dirty Price;Giriş/Input;Formül 3/Formula 3;ACT365;Sadece Nitelikli Yatırımcılar arasında işlem görebilir.
TRY;252.0;2018-10-05;2019-02-01;70.0;11076.0;2018-10-05 00:00:00;90.286;33.00073324414272;33.00073324414272;;; ;90.286;Basit Getiri/Simple I;-;-;Formül 1/Formula 1;Kirli Fiyat/Dirty Price;Giriş/Input;Formül 3/Formula 3;ACT365;Sadece Nitelikli Yatırımcılar arasında işlem görebilir.
TRY;252.0;2018-09-05;2018-12-04;11.0;39409.3;2018-09-05 00:00:00;94.194;24.997935702439133;24.997935702439133;;; ;94.194;Basit Getiri/Simple I;-;-;Formül 1/Formula 1;Kirli Fiyat/Dirty Price;Giriş/Input;Formül 3/Formula 3;ACT365;Sadece Nitelikli Yatırımcılar arasında işlem görebilir.
TRY;252.0;2018-09-20;2019-01-18;56.0;78000.0;2018-09-20 00:00:00;90.481;31.999673964699817;31.999673964699817;;; ;90.481;Basit Getiri/Simple I;-;-;Formül 1/Formula 1;Kirli Fiyat/Dirty Price;Giriş/Input;Formül 3/Formula 3;ACT365;Sadece Nitelikli Yatırımcılar arasında işlem görebilir.
TRY;252.0;2018-10-23;2019-01-09;47.0;22237.0;2018-10-23 00:00:00;94.354;28.001340288047842;28.001340288047842;;; ;94.354;Basit Getiri/Simple I;-;-;Formül 1/Formula 1;Kirli Fiyat/Dirty Price;Giriş/Input;Formül 3/Formula 3;ACT365;Sadece Nitelikli Yatırımcılar arasında işlem görebilir.
TRY;252.0;2018-09-27;2018-12-21;28.0;36771.0;2018-09-27 00:00:00;92.464;34.99791333733701;34.99791333733701;;; ;92.464;Basit Getiri/Simple I;-;-;Formül 1/Formula 1;Kirli Fiyat/Dirty Price;Giriş/Input;Formül 3/Formula 3;ACT365;Sadece Nitelikli Yatırımcılar arasında işlem görebilir.
TRY;252.0;2018-10-08;2018-12-05;12.0;100000.0;2018-10-08 00:00:00;95.595;28.998504827297676;28.998504827297676;;; ;95.595;Basit Getiri/Simple I;-;-;Formül 1/Formula 1;Kirli Fiyat/Dirty Price;Giriş/Input;Formül 3/Formula 3;ACT365;Sadece Nitelikli Yatırımcılar arasında işlem görebilir.
TRY;252.0;2018-11-09;2019-02-08;77.0;40000.0;2018-11-09 00:00:00;93.748;26.749054162972318;26.749054162972318;;; ;93.748;Basit Getiri/Simple I;-;-;Formül 1/Formula 1;Kirli Fiyat/Dirty Price;Giriş/Input;Formül 3/Formula 3;ACT365;Sadece Nitelikli Yatırımcılar arasında işlem görebilir.
TRY;252.0;2018-11-16;2019-01-24;62.0;374214.008;2018-11-16 00:00:00;95.487;25.001430500517387;25.001430500517387;;; ;95.487;Basit Getiri/Simple I;-;-;Formül 1/Formula 1;Kirli Fiyat/Dirty Price;Giriş/Input;Formül 3/Formula 3;ACT365;Sadece Nitelikli Yatırımcılar arasında işlem görebilir.
TRY;252.0;2018-10-05;2018-12-07;14.0;241400.0;2018-10-05 00:00:00;95.507;27.255460872892005;27.255460872892005;;; ;95.507;Basit Getiri/Simple I;-;-;Formül 1/Formula 1;Kirli Fiyat/Dirty Price;Giriş/Input;Formül 3/Formula 3;ACT365;Sadece Nitelikli Yatırımcılar arasında işlem görebilir.;ZRY
TRY;252.0;2018-10-19;2018-12-21;28.0;808000.0;2018-10-19 00:00:00;95.547;27.001503955254442;27.001503955254442;;; ;95.547;Basit Getiri/Simple I;-;-;Formül 1/Formula 1;Kirli Fiyat/Dirty Price;Giriş/Input;Formül 3/Formula 3;ACT365;Sadece Nitelikli Yatırımcılar arasında işlem görebilir.;ZRY
TRY;252.0;2018-11-02;2019-01-11;49.0;729500.0;2018-11-02 00:00:00;95.337;25.503439677894534;25.503439677894534;;; ;95.337;Basit Getiri/Simple I;-;-;Formül 1/Formula 1;Kirli Fiyat/Dirty Price;Giriş/Input;Formül 3/Formula 3;ACT365;Sadece Nitelikli Yatırımcılar arasında işlem görebilir.;ZRY
TRY;252.0;2018-11-09;2019-01-18;56.0;230700.0;2018-11-09 00:00:00;95.468;24.752946387420707;24.752946387420707;;; ;95.468;Basit Getiri/Simple I;-;-;Formül 1/Formula 1;Kirli Fiyat/Dirty Price;Giriş/Input;Formül 3/Formula 3;ACT365;Sadece Nitelikli Yatırımcılar arasında işlem görebilir.;ZRY
TRY;252.0;2018-09-13;2018-12-06;13.0;17000.0;2018-09-13 00:00:00;94.56;24.997985657884144;24.997985657884144;;; ;94.56;Basit Getiri/Simple I;-;-;Formül 1/Formula 1;Kirli Fiyat/Dirty Price;Giriş/Input;Formül 3/Formula 3;ACT365;Sadece Nitelikli Yatırımcılar arasında işlem görebilir.
TRY;252.0;2018-11-21;2019-02-14;83.0;25150.0;2018-11-21 00:00:00;94.395;25.4976740418081;25.4976740418081;;; ;94.395;Basit Getiri/Simple I;-;-;Formül 1/Formula 1;Kirli Fiyat/Dirty Price;Giriş/Input;Formül 3/Formula 3;ACT365;Sadece Nitelikli Yatırımcılar arasında işlem görebilir.
TRY;252.0;2018-10-12;2018-12-07;14.0;20000.0;2018-10-12 00:00:00;95.811;28.49704477714311;28.49704477714311;;; ;95.811;Basit Getiri/Simple I;-;-;Formül 1/Formula 1;Kirli Fiyat/Dirty Price;Giriş/Input;Formül 3/Formula 3;ACT365;Sadece Nitelikli Yatırımcılar arasında işlem görebilir.
TRY;252.0;2018-11-19;2019-02-01;70.0;10000.0;2018-11-19 00:00:00;95.084;25.501491142398148;25.501491142398148;;; ;95.084;Basit Getiri/Simple I;-;-;Formül 1/Formula 1;Kirli Fiyat/Dirty Price;Giriş/Input;Formül 3/Formula 3;ACT365;Sadece Nitelikli Yatırımcılar arasında işlem görebilir.
TRY;252.0;2018-10-01;2018-11-30;7.0;485267.029;2018-10-01 00:00:00;95.599;28.00526156131337;28.00526156131337;;; ;95.599;Basit Getiri/Simple I;-;-;Formül 1/Formula 1;Kirli Fiyat/Dirty Price;Giriş/Input;Formül 3/Formula 3;ACT365;Sadece Nitelikli Yatırımcılar arasında işlem görebilir.
TRY;252.0;2018-10-09;2018-12-10;17.0;80269.0;2018-10-09 00:00:00;95.614;27.00525702471691;27.00525702471691;;; ;95.614;Basit Getiri/Simple I;-;-;Formül 1/Formula 1;Kirli Fiyat/Dirty Price;Giriş/Input;Formül 3/Formula 3;ACT365;Sadece Nitelikli Yatırımcılar arasında işlem görebilir.
TRY;252.0;2018-11-13;2019-01-14;52.0;358998.916;2018-11-13 00:00:00;95.926;25.002639803665875;25.002639803665875;;; ;95.926;Basit Getiri/Simple I;-;-;Formül 1/Formula 1;Kirli Fiyat/Dirty Price;Giriş/Input;Formül 3/Formula 3;ACT365;Sadece Nitelikli Yatırımcılar arasında işlem görebilir.
TRY;252.0;2018-10-05;2018-12-20;27.0;475000.0;2018-10-05 00:00:00;94.593;27.4521676523299;27.4521676523299;;; ;94.593;Basit Getiri/Simple I;-;-;Formül 1/Formula 1;Kirli Fiyat/Dirty Price;Giriş/Input;Formül 3/Formula 3;ACT365;Sadece Nitelikli Yatırımcılar arasında işlem görebilir.
TRY;252.0;2018-10-09;2018-12-24;31.0;187000.0;2018-10-09 00:00:00;94.593;27.4521676523299;27.4521676523299;;; ;94.593;Basit Getiri/Simple I;-;-;Formül 1/Formula 1;Kirli Fiyat/Dirty Price;Giriş/Input;Formül 3/Formula 3;ACT365;Sadece Nitelikli Yatırımcılar arasında işlem görebilir.
TRY;252.0;2018-10-19;2019-01-11;49.0;330000.0;2018-10-19 00:00:00;94.15;26.99908959866474;26.99908959866474;;; ;94.15;Basit Getiri/Simple I;-;-;Formül 1/Formula 1;Kirli Fiyat/Dirty Price;Giriş/Input;Formül 3/Formula 3;ACT365;Sadece Nitelikli Yatırımcılar arasında işlem görebilir.
TRY;252.0;2018-10-26;2019-01-25;63.0;352000.0;2018-10-26 00:00:00;93.715;26.8997128891489;26.8997128891489;;; ;93.715;Basit Getiri/Simple I;-;-;Formül 1/Formula 1;Kirli Fiyat/Dirty Price;Giriş/Input;Formül 3/Formula 3;ACT365;Sadece Nitelikli Yatırımcılar arasında işlem görebilir.
TRY;252.0;2018-11-02;2019-02-01;70.0;240000.0;2018-11-02 00:00:00;93.967;25.751909397231692;25.751909397231692;;; ;93.967;Basit Getiri/Simple I;-;-;Formül 1/Formula 1;Kirli Fiyat/Dirty Price;Giriş/Input;Formül 3/Formula 3;ACT365;Sadece Nitelikli Yatırımcılar arasında işlem görebilir.
TRY;252.0;2018-11-09;2019-02-08;77.0;245000.0;2018-11-09 00:00:00;94.166;24.849850147728393;24.849850147728393;;; ;94.166;Basit Getiri/Simple I;-;-;Formül 1/Formula 1;Kirli Fiyat/Dirty Price;Giriş/Input;Formül 3/Formula 3;ACT365;Sadece Nitelikli Yatırımcılar arasında işlem görebilir.
TRY;252.0;2018-11-16;2019-02-15;84.0;342000.0;2018-11-16 00:00:00;94.299;24.249088910432082;24.249088910432082;;; ;94.299;Basit Getiri/Simple I;-;-;Formül 1/Formula 1;Kirli Fiyat/Dirty Price;Giriş/Input;Formül 3/Formula 3;ACT365;Sadece Nitelikli Yatırımcılar arasında işlem görebilir.
TRY;252.0;2018-06-21;2019-01-14;52.0;674448.373;2018-06-21 00:00:00;90.878;17.69920771841166;17.69920771841166;;;0.25;90.878;Basit Getiri/Simple I;-;-;Formül 1/Formula 1;Kirli Fiyat/Dirty Price;Giriş/Input;Formül 3/Formula 3;ACT365;Sadece Nitelikli Yatırımcılar arasında işlem görebilir.
TRY;252.0;2018-08-09;2019-02-04;73.0;916957.962;2018-08-09 00:00:00;91.653;18.570498504591665;18.570498504591665;;;0.1;91.653;Basit Getiri/Simple I;-;-;Formül 1/Formula 1;Kirli Fiyat/Dirty Price;Giriş/Input;Formül 3/Formula 3;ACT365;SAdece Nitelikli Yatırımcılar arasında işlem görebilir.
TRY;252.0;2018-08-09;2019-07-08;227.0;354159.934;2018-08-09 00:00:00;83.742;21.2800390847249;21.2800390847249;;;0.15;83.742;Basit Getiri/Simple I;-;-;Formül 1/Formula 1;Kirli Fiyat/Dirty Price;Giriş/Input;Formül 3/Formula 3;ACT365;SAdece Nitelikli Yatırımcılar arasında işlem görebilir.
TRY;252.0;2018-09-13;2019-03-04;101.0;652058.927;2018-09-13 00:00:00;90.31;22.769440145442168;22.769440145442168;;;0.1;90.31;Basit Getiri/Simple I;-;-;Formül 1/Formula 1;Kirli Fiyat/Dirty Price;Giriş/Input;Formül 3/Formula 3;ACT365;SAdece Nitelikli Yatırımcılar arasında işlem görebilir.
TRY;252.0;2018-09-13;2019-07-08;227.0;189201.344;2018-09-13 00:00:00;83.65;23.940235160082942;23.940235160082942;;;0.15;83.65;Basit Getiri/Simple I;-;-;Formül 1/Formula 1;Kirli Fiyat/Dirty Price;Giriş/Input;Formül 3/Formula 3;ACT365;SAdece Nitelikli Yatırımcılar arasında işlem görebilir.
TRY;252.0;2018-10-11;2019-07-08;227.0;471130.285;2018-10-11 00:00:00;84.335;25.11028547964578;25.11028547964578;;;0.15;84.335;Basit Getiri/Simple I;-;-;Formül 1/Formula 1;Kirli Fiyat/Dirty Price;Giriş/Input;Formül 3/Formula 3;ACT365;Sadece Nitelikli Yatırımcılar arasında işlem görebilir.;IYM
TRY;252.0;2018-11-08;2019-04-01;129.0;532076.674;2018-11-08 00:00:00;92.447;20.70890017463457;20.70890017463457;;; ;92.447;Basit Getiri/Simple I;-;-;Formül 1/Formula 1;Kirli Fiyat/Dirty Price;Giriş/Input;Formül 3/Formula 3;ACT365;Sadece Nitelikli Yatırımcılar arasında işlem görebilir.;IYM
TRY;252.0;2018-11-08;2019-08-05;255.0;73725.155;2018-11-08 00:00:00;86.499;21.100072661940423;21.100072661940423;;; ;86.499;Basit Getiri/Simple I;-;-;Formül 1/Formula 1;Kirli Fiyat/Dirty Price;Giriş/Input;Formül 3/Formula 3;ACT365;Sadece Nitelikli Yatırımcılar arasında işlem görebilir.;IYM
TRY;252.0;2018-11-16;2019-01-25;63.0;443500.0;2018-11-16 00:00:00;95.617;23.90183156312613;23.90183156312613;;; ;95.617;Basit Getiri/Simple I;-;-;Formül 1/Formula 1;Kirli Fiyat/Dirty Price;Giriş/Input;Formül 3/Formula 3;ACT365;Sadece Nitelikli Yatırımcılar arasında işlem görebilir.
TRY;252.0;2018-08-17;2018-12-21;28.0;426466.396;2018-08-17 00:00:00;92.892;22.16620906066716;22.16620906066716;;;0.1;92.892;Basit Getiri/Simple I;-;-;Formül 1/Formula 1;Kirli Fiyat/Dirty Price;Giriş/Input;Formül 3/Formula 3;ACT365;SAdece Nitelikli Yatırımcılar arasında işlem görebilir.
TRY;252.0;2018-08-17;2019-03-15;112.0;169379.323;2018-08-17 00:00:00;88.667;22.215517986774472;22.215517986774472;;;0.2;88.667;Basit Getiri/Simple I;-;-;Formül 1/Formula 1;Kirli Fiyat/Dirty Price;Giriş/Input;Formül 3/Formula 3;ACT365;SAdece Nitelikli Yatırımcılar arasında işlem görebilir.
TRY;252.0;2018-10-26;2019-02-22;91.0;149129.468;2018-10-26 00:00:00;92.703;24.143290531966326;24.143290531966326;;; ;92.703;Basit Getiri/Simple I;-;-;Formül 1/Formula 1;Kirli Fiyat/Dirty Price;Giriş/Input;Formül 3/Formula 3;ACT365;Sadece Nitelikli Yatırımcılar arasında işlem görebilir.
TRY;252.0;2018-10-26;2019-05-24;182.0;56328.458;2018-10-26 00:00:00;87.604;24.594115076284844;24.594115076284844;;; ;87.604;Basit Getiri/Simple I;-;-;Formül 1/Formula 1;Kirli Fiyat/Dirty Price;Giriş/Input;Formül 3/Formula 3;ACT365;Sadece Nitelikli Yatırımcılar arasında işlem görebilir.
TRY;252.0;2018-07-27;2018-12-14;21.0;145000.0;2018-07-27 00:00:00;93.107;19.30148722897928;19.30148722897928;;; ;93.107;Basit Getiri/Simple I;-;-;Formül 1/Formula 1;Kirli Fiyat/Dirty Price;Giriş/Input;Formül 3/Formula 3;ACT365;SAdece Nitelikli Yatırımcılar arasında işlem görebilir.
TRY;252.0;2018-09-07;2018-12-14;21.0;95000.0;2018-09-07 00:00:00;94.136;23.200909496117628;23.200909496117628;;; ;94.136;Basit Getiri/Simple I;-;-;Formül 1/Formula 1;Kirli Fiyat/Dirty Price;Giriş/Input;Formül 3/Formula 3;ACT365;SAdece Nitelikli Yatırımcılar arasında işlem görebilir.
TRY;252.0;2018-09-21;2019-01-25;63.0;303471.15;2018-09-21 00:00:00;91.758;26.02022158355123;26.02022158355123;;; ;91.758;Basit Getiri/Simple I;-;-;Formül 1/Formula 1;Kirli Fiyat/Dirty Price;Giriş/Input;Formül 3/Formula 3;ACT365;Sadece Nitelikli Yatırımcılar arasında işlem görebilir.
TRY;252.0;2018-09-21;2019-04-19;147.0;42485.722;2018-09-21 00:00:00;87.074;25.801753735465287;25.801753735465287;;; ;87.074;Basit Getiri/Simple I;-;-;Formül 1/Formula 1;Kirli Fiyat/Dirty Price;Giriş/Input;Formül 3/Formula 3;ACT365;Sadece Nitelikli Yatırımcılar arasında işlem görebilir.
TRY;252.0;2018-09-21;2018-12-14;21.0;282115.872;2018-09-21 00:00:00;94.252;26.499627139401422;26.499627139401422;;; ;94.252;Basit Getiri/Simple I;-;-;Formül 1/Formula 1;Kirli Fiyat/Dirty Price;Giriş/Input;Formül 3/Formula 3;ACT365;Sadece Nitelikli Yatırımcılar arasında işlem görebilir.
TRY;252.0;2018-10-05;2018-12-07;14.0;512010.226;2018-10-05 00:00:00;95.476;27.452423845234584;27.452423845234584;;; ;95.476;Basit Getiri/Simple I;-;-;Formül 1/Formula 1;Kirli Fiyat/Dirty Price;Giriş/Input;Formül 3/Formula 3;ACT365;Sadece Nitelikli Yatırımcılar arasında işlem görebilir.
TRY;252.0;2018-10-19;2019-01-11;49.0;448000.0;2018-10-19 00:00:00;94.15;26.99908959866474;26.99908959866474;;; ;94.15;Basit Getiri/Simple I;-;-;Formül 1/Formula 1;Kirli Fiyat/Dirty Price;Giriş/Input;Formül 3/Formula 3;ACT365;Sadece Nitelikli Yatırımcılar arasında işlem görebilir.
TRY;252.0;2018-11-05;2019-01-18;56.0;273000.0;2018-11-05 00:00:00;95.084;25.501491142398148;25.501491142398148;;; ;95.084;Basit Getiri/Simple I;-;-;Formül 1/Formula 1;Kirli Fiyat/Dirty Price;Giriş/Input;Formül 3/Formula 3;ACT365;Sadece Nitelikli Yatırımcılar arasında işlem görebilir.
TRY;252.0;2018-11-09;2019-01-18;56.0;571000.0;2018-11-09 00:00:00;95.451;24.850222327985847;24.850222327985847;;; ;95.451;Basit Getiri/Simple I;-;-;Formül 1/Formula 1;Kirli Fiyat/Dirty Price;Giriş/Input;Formül 3/Formula 3;ACT365;Sadece Nitelikli Yatırımcılar arasında işlem görebilir.
TRY;252.0;2018-11-16;2019-02-15;84.0;755900.0;2018-11-16 00:00:00;94.299;24.249088910432082;24.249088910432082;;; ;94.299;Basit Getiri/Simple I;-;-;Formül 1/Formula 1;Kirli Fiyat/Dirty Price;Giriş/Input;Formül 3/Formula 3;ACT365;Sadece Nitelikli Yatırımcılar arasında işlem görebilir.
TRY;252.0;2018-08-31;2018-11-28;5.0;124817.0;2018-08-31 00:00:00;94.254;25.001651049053862;25.001651049053862;2019-02-13;0.0; ;94.254;Basit Getiri/Simple I;-;-;Formül 1/Formula 1;Kirli Fiyat/Dirty Price;Giriş/Input;Formül 3/Formula 3;ACT365;SAdece Nitelikli Yatırımcılar arasında işlem görebilir.
TRY;252.0;2018-07-27;2019-01-18;56.0;291090.0;2018-07-27 00:00:00;91.051;20.499563039238588;20.499563039238588;;; ;91.051;Basit Getiri/Simple I;-;-;Formül 1/Formula 1;Kirli Fiyat/Dirty Price;Giriş/Input;Formül 3/Formula 3;ACT365;Sadece Nitelikli Yatırımcılar arasında işlem görebilir.
TRY;252.0;2018-10-17;2019-01-15;53.0;100000.0;2018-10-17 00:00:00;93.327;28.997741513412272;28.997741513412272;;; ;93.327;Basit Getiri/Simple I;-;-;Formül 1/Formula 1;Kirli Fiyat/Dirty Price;Giriş/Input;Formül 3/Formula 3;ACT365;SAdece Nitelikli Yatırımcılar arasında işlem görebilir.
TRY;252.0;2018-09-28;2019-03-26;123.0;100000.0;2018-09-28 00:00:00;87.21;29.905019605280796;29.905019605280796;;; ;87.21;Basit Getiri/Simple I;-;-;Formül 1/Formula 1;Kirli Fiyat/Dirty Price;Giriş/Input;Formül 3/Formula 3;ACT365;Sadece Nitelikli Yatırımcılar arasında işlem görebilir.;VKY
TRY;252.0;2018-09-11;2018-11-29;6.0;92000.0;2018-09-11 00:00:00;94.965;24.496366749375362;24.496366749375362;;; ;94.965;Basit Getiri/Simple I;-;-;Formül 1/Formula 1;Kirli Fiyat/Dirty Price;Giriş/Input;Formül 3/Formula 3;ACT365;Sadece Nitelikli Yatırımcılar arasında işlem görebilir.
TRY;252.0;2018-10-16;2019-01-11;49.0;200000.0;2018-10-16 00:00:00;93.576;28.801470855578476;28.801470855578476;;; ;93.576;Basit Getiri/Simple I;-;-;Formül 1/Formula 1;Kirli Fiyat/Dirty Price;Giriş/Input;Formül 3/Formula 3;ACT365;Sadece Nitelikli Yatırımcılar arasında işlem görebilir.;YKR
TRY;252.0;2018-10-26;2019-01-21;59.0;150000.0;2018-10-26 00:00:00;93.849;27.497277051678587;27.497277051678587;;; ;93.849;Basit Getiri/Simple I;-;-;Formül 1/Formula 1;Kirli Fiyat/Dirty Price;Giriş/Input;Formül 3/Formula 3;ACT365;Sadece Nitelikli Yatırımcılar arasında işlem görebilir.;YKR
TRY;252.0;2018-11-08;2019-03-05;102.0;50000.0;2018-11-08 00:00:00;92.251;26.204844141777027;26.204844141777027;;; ;92.251;Basit Getiri/Simple I;-;-;Formül 1/Formula 1;Kirli Fiyat/Dirty Price;Giriş/Input;Formül 3/Formula 3;ACT365;Sadece Nitelikli Yatırımcılar arasında işlem görebilir.;YKR
TRY;252.0;2018-11-08;2019-05-03;161.0;100000.0;2018-11-08 00:00:00;88.294;27.495240590836;27.495240590836;;; ;88.294;Basit Getiri/Simple I;-;-;Formül 1/Formula 1;Kirli Fiyat/Dirty Price;Giriş/Input;Formül 3/Formula 3;ACT365;Sadece Nitelikli Yatırımcılar arasında işlem görebilir.;YKR
TRY;252.0;2018-10-17;2018-12-19;26.0;388190.0;2018-10-17 00:00:00;95.327;28.400904422388372;28.400904422388372;;; ;95.327;Basit Getiri/Simple I;-;-;Formül 1/Formula 1;Kirli Fiyat/Dirty Price;Giriş/Input;Formül 3/Formula 3;ACT365;SAdece Nitelikli Yatırımcılar arasında işlem görebilir.
TRY;252.0;2018-11-02;2019-01-23;61.0;300000.0;2018-11-02 00:00:00;94.301;26.90056309052922;26.90056309052922;;; ;94.301;Basit Getiri/Simple I;-;-;Formül 1/Formula 1;Kirli Fiyat/Dirty Price;Giriş/Input;Formül 3/Formula 3;ACT365;SAdece Nitelikli Yatırımcılar arasında işlem görebilir.
TRY;252.0;2018-11-13;2019-02-13;82.0;200000.0;2018-11-13 00:00:00;93.961;25.498958170896984;25.498958170896984;;; ;93.961;Basit Getiri/Simple I;-;-;Formül 1/Formula 1;Kirli Fiyat/Dirty Price;Giriş/Input;Formül 3/Formula 3;ACT365;SAdece Nitelikli Yatırımcılar arasında işlem görebilir.
TRY;252.0;2018-10-02;2018-12-05;12.0;482910.0;2018-10-02 00:00:00;95.32;28.00107532522035;28.00107532522035;;; ;95.32;Basit Getiri/Simple I;-;-;Formül 1/Formula 1;Kirli Fiyat/Dirty Price;Giriş/Input;Formül 3/Formula 3;ACT365;Sadece Nitelikli Yatırımcılar arasında işlem görebilir.;YKR
TRY;252.0;2018-10-24;2019-01-18;56.0;128270.0;2018-10-24 00:00:00;94.071;26.7497731179295;26.7497731179295;;; ;94.071;Basit Getiri/Simple I;-;-;Formül 1/Formula 1;Kirli Fiyat/Dirty Price;Giriş/Input;Formül 3/Formula 3;ACT365;Sadece Nitelikli Yatırımcılar arasında işlem görebilir.;YKR
TRY;252.0;2018-10-31;2019-01-25;63.0;262950.0;2018-10-31 00:00:00;94.092;26.64907873442027;26.64907873442027;;; ;94.092;Basit Getiri/Simple I;-;-;Formül 1/Formula 1;Kirli Fiyat/Dirty Price;Giriş/Input;Formül 3/Formula 3;ACT365;Sadece Nitelikli Yatırımcılar arasında işlem görebilir.;YKR
TRY;252.0;2018-11-07;2019-02-06;75.0;526090.0;2018-11-07 00:00:00;93.956;25.80188341608583;25.80188341608583;;; ;93.956;Basit Getiri/Simple I;-;-;Formül 1/Formula 1;Kirli Fiyat/Dirty Price;Giriş/Input;Formül 3/Formula 3;ACT365;Sadece Nitelikli Yatırımcılar arasında işlem görebilir.;YKR
TRY;252.0;2018-11-16;2019-02-14;83.0;80000.0;2018-11-16 00:00:00;94.435;23.899154621344447;23.899154621344447;;; ;94.435;Basit Getiri/Simple I;-;-;Formül 1/Formula 1;Kirli Fiyat/Dirty Price;Giriş/Input;Formül 3/Formula 3;ACT365;Sadece Nitelikli Yatırımcılar arasında işlem görebilir.;YKR
TRY;252.0;2018-06-05;2019-03-01;98.0;4000.0;2018-06-05 00:00:00;87.154;19.99959393332982;19.99959393332982;;; ;87.154;Basit Getiri/Simple I;-;-;Formül 1/Formula 1;Kirli Fiyat/Dirty Price;Giriş/Input;Formül 3/Formula 3;ACT365;Sadece Nitelikli Yatırımcılar arasında işlem görebilir.
TRY;252.0;2018-06-05;2018-12-03;10.0;6000.0;2018-06-05 00:00:00;91.183;19.499400240776193;19.499400240776193;;; ;91.183;Basit Getiri/Simple I;-;-;Formül 1/Formula 1;Kirli Fiyat/Dirty Price;Giriş/Input;Formül 3/Formula 3;ACT365;Sadece Nitelikli Yatırımcılar arasında işlem görebilir.
TRY;252.0;2018-11-01;2019-02-22;91.0;67000.0;2018-11-01 00:00:00;90.223;35.00279886640763;35.00279886640763;;; ;90.223;Basit Getiri/Simple I;-;-;Formül 1/Formula 1;Kirli Fiyat/Dirty Price;Giriş/Input;Formül 3/Formula 3;ACT365;Sadece Nitelikli Yatırımcılar arasında işlem görebilir.
TRY;402.0;2018-09-20;2018-12-19;26.0;14850.0;2018-09-20 00:00:00;93.758;27.000125618910204;27.000125618910204;;; ;93.758;Basit Getiri/Simple I;-;-;Formül 1/Formula 1;Kirli Fiyat/Dirty Price;Giriş/Input;Formül 3/Formula 3;ACT365;Aktif Yatırım Bankası A.Ş. 10 No'lu  Varlık Finansman Fonu tarahfından ihraç edilmiştir. Sadece Nitelikli Yatırımcılar arasında işlem görebilir.
TRY;402.0;2018-09-20;2019-03-19;116.0;20450.0;2018-09-20 00:00:00;88.058;27.499741332101824;27.499741332101824;;; ;88.058;Basit Getiri/Simple I;-;-;Formül 1/Formula 1;Kirli Fiyat/Dirty Price;Giriş/Input;Formül 3/Formula 3;ACT365;Aktif Yatırım Bankası A.Ş. 10 No'lu  Varlık Finansman Fonu tarahfından ihraç edilmiştir. Sadece Nitelikli Yatırımcılar arasında işlem görebilir.
TRY;402.0;2018-09-20;2019-06-19;208.0;20200.0;2018-09-20 00:00:00;82.736;28.000827579146144;28.000827579146144;;; ;82.736;Basit Getiri/Simple I;-;-;Formül 1/Formula 1;Kirli Fiyat/Dirty Price;Giriş/Input;Formül 3/Formula 3;ACT365;Aktif Yatırım Bankası A.Ş. 10 No'lu  Varlık Finansman Fonu tarahfından ihraç edilmiştir. Sadece Nitelikli Yatırımcılar arasında işlem görebilir.
TRY;402.0;2018-09-20;2019-09-19;300.0;21400.0;2018-09-20 00:00:00;77.717;28.75074569652332;28.75074569652332;;; ;77.717;Basit Getiri/Simple I;-;-;Formül 1/Formula 1;Kirli Fiyat/Dirty Price;Giriş/Input;Formül 3/Formula 3;ACT365;Aktif Yatırım Bankası A.Ş. 10 No'lu  Varlık Finansman Fonu tarahfından ihraç edilmiştir. Sadece Nitelikli Yatırımcılar arasında işlem görebilir.
TRY;402.0;2018-09-20;2019-12-19;391.0;22150.0;2018-09-20 00:00:00;74.127;27.999600329520604;27.999600329520604;;; ;74.127;Basit Getiri/Simple I;-;-;Formül 1/Formula 1;Kirli Fiyat/Dirty Price;Giriş/Input;Formül 3/Formula 3;ACT365;Aktif Yatırım Bankası A.Ş. 10 No'lu  Varlık Finansman Fonu tarahfından ihraç edilmiştir. Sadece Nitelikli Yatırımcılar arasında işlem görebilir.
TRY;402.0;2018-09-20;2020-03-19;482.0;21450.0;2018-09-20 00:00:00;71.231;26.99951398902699;26.99951398902699;;; ;71.231;Basit Getiri/Simple I;-;-;Formül 1/Formula 1;Kirli Fiyat/Dirty Price;Giriş/Input;Formül 3/Formula 3;ACT365;Aktif Yatırım Bankası A.Ş. 10 No'lu  Varlık Finansman Fonu tarahfından ihraç edilmiştir. Sadece Nitelikli Yatırımcılar arasında işlem görebilir.
TRY;402.0;2018-09-20;2020-06-19;574.0;20350.0;2018-09-20 00:00:00;68.343;26.500123822226783;26.500123822226783;;; ;68.343;Basit Getiri/Simple I;-;-;Formül 1/Formula 1;Kirli Fiyat/Dirty Price;Giriş/Input;Formül 3/Formula 3;ACT365;Aktif Yatırım Bankası A.Ş. 10 No'lu  Varlık Finansman Fonu tarahfından ihraç edilmiştir. Sadece Nitelikli Yatırımcılar arasında işlem görebilir.
TRY;402.0;2018-09-20;2020-09-18;665.0;18600.0;2018-09-20 00:00:00;65.82;26.00036929915274;26.00036929915274;;; ;65.82;Basit Getiri/Simple I;-;-;Formül 1/Formula 1;Kirli Fiyat/Dirty Price;Giriş/Input;Formül 3/Formula 3;ACT365;Aktif Yatırım Bankası A.Ş. 10 No'lu  Varlık Finansman Fonu tarahfından ihraç edilmiştir. Sadece Nitelikli Yatırımcılar arasında işlem görebilir.
TRY;402.0;2018-09-20;2020-12-18;756.0;17600.0;2018-09-20 00:00:00;63.578;25.499751026010685;25.499751026010685;;; ;63.578;Basit Getiri/Simple I;-;-;Formül 1/Formula 1;Kirli Fiyat/Dirty Price;Giriş/Input;Formül 3/Formula 3;ACT365;Aktif Yatırım Bankası A.Ş. 10 No'lu  Varlık Finansman Fonu tarahfından ihraç edilmiştir. Sadece Nitelikli Yatırımcılar arasında işlem görebilir.
TRY;402.0;2018-09-20;2021-03-19;847.0;16600.0;2018-09-20 00:00:00;61.342;25.249683434342185;25.249683434342185;;; ;61.342;Basit Getiri/Simple I;-;-;Formül 1/Formula 1;Kirli Fiyat/Dirty Price;Giriş/Input;Formül 3/Formula 3;ACT365;Aktif Yatırım Bankası A.Ş. 10 No'lu  Varlık Finansman Fonu tarahfından ihraç edilmiştir. Sadece Nitelikli Yatırımcılar arasında işlem görebilir.
TRY;402.0;2018-09-20;2021-06-18;938.0;14000.0;2018-09-20 00:00:00;59.301;25.00039465090998;25.00039465090998;;; ;59.301;Basit Getiri/Simple I;-;-;Formül 1/Formula 1;Kirli Fiyat/Dirty Price;Giriş/Input;Formül 3/Formula 3;ACT365;Aktif Yatırım Bankası A.Ş. 10 No'lu  Varlık Finansman Fonu tarahfından ihraç edilmiştir. Sadece Nitelikli Yatırımcılar arasında işlem görebilir.
TRY;402.0;2018-09-20;2021-09-17;1029.0;10750.0;2018-09-20 00:00:00;57.434;24.749502838390644;24.749502838390644;;; ;57.434;Basit Getiri/Simple I;-;-;Formül 1/Formula 1;Kirli Fiyat/Dirty Price;Giriş/Input;Formül 3/Formula 3;ACT365;Aktif Yatırım Bankası A.Ş. 10 No'lu  Varlık Finansman Fonu tarahfından ihraç edilmiştir. Sadece Nitelikli Yatırımcılar arasında işlem görebilir.
TRY;402.0;2018-09-20;2021-12-17;1120.0;8750.0;2018-09-20 00:00:00;55.718;24.500382840035194;24.500382840035194;;; ;55.718;Basit Getiri/Simple I;-;-;Formül 1/Formula 1;Kirli Fiyat/Dirty Price;Giriş/Input;Formül 3/Formula 3;ACT365;Aktif Yatırım Bankası A.Ş. 10 No'lu  Varlık Finansman Fonu tarahfından ihraç edilmiştir. Sadece Nitelikli Yatırımcılar arasında işlem görebilir.
TRY;402.0;2018-09-20;2022-03-18;1211.0;7300.0;2018-09-20 00:00:00;54.139;24.25023604816795;24.25023604816795;;; ;54.139;Basit Getiri/Simple I;-;-;Formül 1/Formula 1;Kirli Fiyat/Dirty Price;Giriş/Input;Formül 3/Formula 3;ACT365;Aktif Yatırım Bankası A.Ş. 10 No'lu  Varlık Finansman Fonu tarahfından ihraç edilmiştir. Sadece Nitelikli Yatırımcılar arasında işlem görebilir.
TRY;402.0;2018-09-20;2022-08-02;1348.0;5550.0;2018-09-20 00:00:00;51.855;24.00041327923828;24.00041327923828;;; ;51.855;Basit Getiri/Simple I;-;-;Formül 1/Formula 1;Kirli Fiyat/Dirty Price;Giriş/Input;Formül 3/Formula 3;ACT365;Aktif Yatırım Bankası A.Ş. 10 No'lu  Varlık Finansman Fonu tarahfından ihraç edilmiştir. Sadece Nitelikli Yatırımcılar arasında işlem görebilir.
TRY;412.0;2018-07-12;2019-01-07;45.0;24088.0;2018-07-12 00:00:00;91.272;19.499209435264024;19.499209435264024;;; ;91.272;Basit Getiri/Simple I;-;-;Formül 1/Formula 1;Kirli Fiyat/Dirty Price;Giriş/Input;Formül 3/Formula 3;ACT365;Sadece Nitelikli Yatırımcılar arasında işlem görebilir.
